policy_number,claimant_name,plan_tier,sum_insured,inception_date,premium_paid,status
POL-HLT-20000,Patient 0,GOLD,500000,2023-07-20,12000,ACTIVE
POL-HLT-20001,Patient 1,PREMIUM,1000000,2026-05-01,25000,ACTIVE
POL-HLT-20002,Patient 2,PREMIUM,1000000,2023-09-10,25000,ACTIVE
POL-HLT-20003,Patient 3,PREMIUM,1000000,2024-05-31,25000,ACTIVE
POL-HLT-20004,Patient 4,SILVER,300000,2022-08-22,8000,ACTIVE
POL-HLT-20005,Patient 5,PREMIUM,1000000,2026-05-17,25000,ACTIVE
POL-HLT-20006,Patient 6,PREMIUM,1000000,2024-03-05,25000,ACTIVE
POL-HLT-20007,Patient 7,PREMIUM,1000000,2023-08-15,25000,ACTIVE
POL-HLT-20008,Patient 8,PREMIUM,1000000,2022-07-29,25000,LAPSED
POL-HLT-20009,Patient 9,SILVER,300000,2024-03-11,8000,ACTIVE
POL-HLT-20010,Patient 10,GOLD,500000,2025-06-21,12000,ACTIVE
POL-HLT-20011,Patient 11,GOLD,500000,2022-09-24,12000,ACTIVE
POL-HLT-20012,Patient 12,GOLD,500000,2025-07-24,12000,ACTIVE
POL-HLT-20013,Patient 13,PREMIUM,1000000,2024-11-28,25000,ACTIVE
POL-HLT-20014,Patient 14,PREMIUM,1000000,2024-04-28,25000,ACTIVE
POL-HLT-20015,Patient 15,SILVER,300000,2024-01-10,8000,LAPSED
POL-HLT-20016,Patient 16,GOLD,500000,2022-12-12,12000,ACTIVE
POL-HLT-20017,Patient 17,SILVER,300000,2025-04-16,8000,ACTIVE
POL-HLT-20018,Patient 18,PREMIUM,1000000,2024-11-30,25000,ACTIVE
POL-HLT-20019,Patient 19,SILVER,300000,2024-06-09,8000,ACTIVE
POL-HLT-20020,Patient 20,PREMIUM,1000000,2026-05-23,25000,ACTIVE
POL-HLT-20021,Patient 21,GOLD,500000,2024-11-07,12000,ACTIVE
POL-HLT-20022,Patient 22,PREMIUM,1000000,2023-07-23,25000,LAPSED
POL-HLT-20023,Patient 23,SILVER,300000,2024-05-06,8000,ACTIVE
POL-HLT-20024,Patient 24,PREMIUM,1000000,2023-07-02,25000,ACTIVE
POL-HLT-20025,Patient 25,SILVER,300000,2022-10-30,8000,ACTIVE
POL-HLT-20026,Patient 26,GOLD,500000,2024-09-03,12000,ACTIVE
POL-HLT-20027,Patient 27,SILVER,300000,2026-05-20,8000,ACTIVE
POL-HLT-20028,Patient 28,PREMIUM,1000000,2022-08-23,25000,ACTIVE
POL-HLT-20029,Patient 29,PREMIUM,1000000,2026-05-24,25000,ACTIVE
POL-HLT-20030,Patient 30,SILVER,300000,2026-05-08,8000,ACTIVE
POL-HLT-20031,Patient 31,SILVER,300000,2023-03-14,8000,ACTIVE
POL-HLT-20032,Patient 32,PREMIUM,1000000,2024-08-19,25000,ACTIVE
POL-HLT-20033,Patient 33,GOLD,500000,2023-05-06,12000,ACTIVE
POL-HLT-20034,Patient 34,PREMIUM,1000000,2022-09-16,25000,ACTIVE
POL-HLT-20035,Patient 35,SILVER,300000,2022-10-29,8000,ACTIVE
POL-HLT-20036,Patient 36,GOLD,500000,2023-12-29,12000,LAPSED
POL-HLT-20037,Patient 37,PREMIUM,1000000,2023-01-20,25000,ACTIVE
POL-HLT-20038,Patient 38,PREMIUM,1000000,2022-08-25,25000,ACTIVE
POL-HLT-20039,Patient 39,PREMIUM,1000000,2023-02-23,25000,ACTIVE
POL-HLT-20040,Patient 40,GOLD,500000,2026-04-28,12000,ACTIVE
POL-HLT-20041,Patient 41,PREMIUM,1000000,2022-11-10,25000,ACTIVE
POL-HLT-20042,Patient 42,SILVER,300000,2026-04-28,8000,ACTIVE
POL-HLT-20043,Patient 43,PREMIUM,1000000,2024-02-14,25000,ACTIVE
POL-HLT-20044,Patient 44,PREMIUM,1000000,2024-08-05,25000,ACTIVE
POL-HLT-20045,Patient 45,SILVER,300000,2024-04-21,8000,ACTIVE
POL-HLT-20046,Patient 46,GOLD,500000,2022-12-25,12000,ACTIVE
POL-HLT-20047,Patient 47,GOLD,500000,2022-11-01,12000,ACTIVE
POL-HLT-20048,Patient 48,GOLD,500000,2022-06-02,12000,ACTIVE
POL-HLT-20049,Patient 49,PREMIUM,1000000,2022-10-31,25000,ACTIVE
POL-HLT-20050,Patient 50,SILVER,300000,2026-05-15,8000,ACTIVE
POL-HLT-20051,Patient 51,SILVER,300000,2023-04-08,8000,ACTIVE
POL-HLT-20052,Patient 52,PREMIUM,1000000,2023-07-08,25000,ACTIVE
POL-HLT-20053,Patient 53,PREMIUM,1000000,2025-02-26,25000,ACTIVE
POL-HLT-20054,Patient 54,PREMIUM,1000000,2024-03-06,25000,ACTIVE
POL-HLT-20055,Patient 55,SILVER,300000,2023-01-20,8000,ACTIVE
POL-HLT-20056,Patient 56,GOLD,500000,2024-09-06,12000,ACTIVE
POL-HLT-20057,Patient 57,SILVER,300000,2022-07-23,8000,ACTIVE
POL-HLT-20058,Patient 58,GOLD,500000,2024-05-02,12000,ACTIVE
POL-HLT-20059,Patient 59,GOLD,500000,2023-05-31,12000,LAPSED
POL-HLT-20060,Patient 60,SILVER,300000,2025-03-15,8000,ACTIVE
POL-HLT-20061,Patient 61,GOLD,500000,2026-05-05,12000,ACTIVE
POL-HLT-20062,Patient 62,SILVER,300000,2022-05-02,8000,ACTIVE
POL-HLT-20063,Patient 63,GOLD,500000,2026-05-13,12000,ACTIVE
POL-HLT-20064,Patient 64,GOLD,500000,2022-10-09,12000,ACTIVE
POL-HLT-20065,Patient 65,PREMIUM,1000000,2024-03-22,25000,ACTIVE
POL-HLT-20066,Patient 66,GOLD,500000,2023-07-04,12000,ACTIVE
POL-HLT-20067,Patient 67,GOLD,500000,2024-06-14,12000,ACTIVE
POL-HLT-20068,Patient 68,SILVER,300000,2026-05-11,8000,ACTIVE
POL-HLT-20069,Patient 69,PREMIUM,1000000,2026-05-23,25000,ACTIVE
POL-HLT-20070,Patient 70,GOLD,500000,2024-08-28,12000,ACTIVE
POL-HLT-20071,Patient 71,SILVER,300000,2022-06-26,8000,ACTIVE
POL-HLT-20072,Patient 72,PREMIUM,1000000,2024-05-25,25000,ACTIVE
POL-HLT-20073,Patient 73,SILVER,300000,2026-05-11,8000,ACTIVE
POL-HLT-20074,Patient 74,SILVER,300000,2022-05-13,8000,ACTIVE
POL-HLT-20075,Patient 75,PREMIUM,1000000,2024-08-24,25000,ACTIVE
POL-HLT-20076,Patient 76,SILVER,300000,2022-07-09,8000,ACTIVE
POL-HLT-20077,Patient 77,GOLD,500000,2025-03-20,12000,ACTIVE
POL-HLT-20078,Patient 78,SILVER,300000,2024-12-14,8000,ACTIVE
POL-HLT-20079,Patient 79,PREMIUM,1000000,2022-11-28,25000,ACTIVE
POL-HLT-20080,Patient 80,GOLD,500000,2023-01-17,12000,ACTIVE
POL-HLT-20081,Patient 81,SILVER,300000,2026-05-14,8000,ACTIVE
POL-HLT-20082,Patient 82,GOLD,500000,2025-02-28,12000,ACTIVE
POL-HLT-20083,Patient 83,GOLD,500000,2025-02-27,12000,ACTIVE
POL-HLT-20084,Patient 84,PREMIUM,1000000,2024-02-22,25000,ACTIVE
POL-HLT-20085,Patient 85,GOLD,500000,2024-12-01,12000,ACTIVE
POL-HLT-20086,Patient 86,SILVER,300000,2024-09-20,8000,LAPSED
POL-HLT-20087,Patient 87,PREMIUM,1000000,2024-06-10,25000,ACTIVE
POL-HLT-20088,Patient 88,GOLD,500000,2022-09-01,12000,ACTIVE
POL-HLT-20089,Patient 89,GOLD,500000,2023-01-01,12000,ACTIVE
POL-HLT-20090,Patient 90,PREMIUM,1000000,2023-08-29,25000,ACTIVE
POL-HLT-20091,Patient 91,GOLD,500000,2025-07-21,12000,ACTIVE
POL-HLT-20092,Patient 92,GOLD,500000,2023-09-23,12000,ACTIVE
POL-HLT-20093,Patient 93,GOLD,500000,2025-04-05,12000,ACTIVE
POL-HLT-20094,Patient 94,PREMIUM,1000000,2023-09-01,25000,ACTIVE
POL-HLT-20095,Patient 95,GOLD,500000,2025-04-29,12000,ACTIVE
POL-HLT-20096,Patient 96,PREMIUM,1000000,2023-06-04,25000,ACTIVE
POL-HLT-20097,Patient 97,SILVER,300000,2023-05-15,8000,ACTIVE
POL-HLT-20098,Patient 98,SILVER,300000,2023-12-13,8000,ACTIVE
POL-HLT-20099,Patient 99,SILVER,300000,2025-03-18,8000,ACTIVE
POL-HLT-20100,Patient 100,PREMIUM,1000000,2022-09-07,25000,ACTIVE
POL-HLT-20101,Patient 101,GOLD,500000,2025-04-06,12000,ACTIVE
POL-HLT-20102,Patient 102,PREMIUM,1000000,2024-03-25,25000,ACTIVE
POL-HLT-20103,Patient 103,PREMIUM,1000000,2025-04-24,25000,ACTIVE
POL-HLT-20104,Patient 104,GOLD,500000,2024-09-20,12000,ACTIVE
POL-HLT-20105,Patient 105,SILVER,300000,2024-09-24,8000,ACTIVE
POL-HLT-20106,Patient 106,PREMIUM,1000000,2024-03-29,25000,ACTIVE
POL-HLT-20107,Patient 107,PREMIUM,1000000,2023-11-24,25000,ACTIVE
POL-HLT-20108,Patient 108,PREMIUM,1000000,2025-02-07,25000,ACTIVE
POL-HLT-20109,Patient 109,SILVER,300000,2026-05-17,8000,ACTIVE
POL-HLT-20110,Patient 110,SILVER,300000,2022-10-25,8000,ACTIVE
POL-HLT-20111,Patient 111,GOLD,500000,2024-03-25,12000,ACTIVE
POL-HLT-20112,Patient 112,PREMIUM,1000000,2025-02-11,25000,ACTIVE
POL-HLT-20113,Patient 113,SILVER,300000,2023-11-25,8000,ACTIVE
POL-HLT-20114,Patient 114,PREMIUM,1000000,2024-11-08,25000,ACTIVE
POL-HLT-20115,Patient 115,GOLD,500000,2024-09-07,12000,ACTIVE
POL-HLT-20116,Patient 116,GOLD,500000,2022-05-07,12000,ACTIVE
POL-HLT-20117,Patient 117,GOLD,500000,2024-03-28,12000,ACTIVE
POL-HLT-20118,Patient 118,SILVER,300000,2023-11-02,8000,ACTIVE
POL-HLT-20119,Patient 119,GOLD,500000,2024-08-13,12000,ACTIVE
POL-HLT-20120,Patient 120,GOLD,500000,2022-06-14,12000,ACTIVE
POL-HLT-20121,Patient 121,SILVER,300000,2022-10-18,8000,ACTIVE
POL-HLT-20122,Patient 122,SILVER,300000,2023-03-29,8000,ACTIVE
POL-HLT-20123,Patient 123,SILVER,300000,2022-11-02,8000,ACTIVE
POL-HLT-20124,Patient 124,PREMIUM,1000000,2026-05-21,25000,ACTIVE
POL-HLT-20125,Patient 125,SILVER,300000,2023-07-20,8000,ACTIVE
POL-HLT-20126,Patient 126,GOLD,500000,2023-05-06,12000,ACTIVE
POL-HLT-20127,Patient 127,GOLD,500000,2024-01-02,12000,ACTIVE
POL-HLT-20128,Patient 128,SILVER,300000,2026-05-03,8000,ACTIVE
POL-HLT-20129,Patient 129,PREMIUM,1000000,2024-02-12,25000,ACTIVE
POL-HLT-20130,Patient 130,PREMIUM,1000000,2022-12-12,25000,LAPSED
POL-HLT-20131,Patient 131,GOLD,500000,2023-03-27,12000,ACTIVE
POL-HLT-20132,Patient 132,PREMIUM,1000000,2026-04-28,25000,ACTIVE
POL-HLT-20133,Patient 133,SILVER,300000,2022-08-18,8000,ACTIVE
POL-HLT-20134,Patient 134,GOLD,500000,2025-06-21,12000,ACTIVE
POL-HLT-20135,Patient 135,SILVER,300000,2025-03-19,8000,ACTIVE
POL-HLT-20136,Patient 136,SILVER,300000,2023-08-08,8000,ACTIVE
POL-HLT-20137,Patient 137,GOLD,500000,2023-09-14,12000,ACTIVE
POL-HLT-20138,Patient 138,GOLD,500000,2024-11-27,12000,ACTIVE
POL-HLT-20139,Patient 139,PREMIUM,1000000,2023-01-31,25000,ACTIVE
POL-HLT-20140,Patient 140,SILVER,300000,2022-06-27,8000,ACTIVE
POL-HLT-20141,Patient 141,PREMIUM,1000000,2025-04-12,25000,ACTIVE
POL-HLT-20142,Patient 142,SILVER,300000,2024-07-02,8000,ACTIVE
POL-HLT-20143,Patient 143,PREMIUM,1000000,2024-11-27,25000,ACTIVE
POL-HLT-20144,Patient 144,PREMIUM,1000000,2025-02-11,25000,ACTIVE
POL-HLT-20145,Patient 145,GOLD,500000,2023-10-13,12000,ACTIVE
POL-HLT-20146,Patient 146,SILVER,300000,2024-06-27,8000,ACTIVE
POL-HLT-20147,Patient 147,PREMIUM,1000000,2024-01-05,25000,ACTIVE
POL-HLT-20148,Patient 148,SILVER,300000,2023-03-14,8000,ACTIVE
POL-HLT-20149,Patient 149,GOLD,500000,2022-05-22,12000,ACTIVE
POL-HLT-20150,Patient 150,PREMIUM,1000000,2023-06-05,25000,ACTIVE
POL-HLT-20151,Patient 151,PREMIUM,1000000,2022-12-06,25000,ACTIVE
POL-HLT-20152,Patient 152,SILVER,300000,2026-05-02,8000,ACTIVE
POL-HLT-20153,Patient 153,SILVER,300000,2025-01-21,8000,ACTIVE
POL-HLT-20154,Patient 154,SILVER,300000,2022-06-12,8000,ACTIVE
POL-HLT-20155,Patient 155,GOLD,500000,2024-07-17,12000,ACTIVE
POL-HLT-20156,Patient 156,GOLD,500000,2024-10-16,12000,LAPSED
POL-HLT-20157,Patient 157,PREMIUM,1000000,2023-03-25,25000,ACTIVE
POL-HLT-20158,Patient 158,GOLD,500000,2025-05-11,12000,ACTIVE
POL-HLT-20159,Patient 159,GOLD,500000,2024-11-13,12000,ACTIVE
POL-HLT-20160,Patient 160,PREMIUM,1000000,2024-04-28,25000,ACTIVE
POL-HLT-20161,Patient 161,GOLD,500000,2023-06-01,12000,ACTIVE
POL-HLT-20162,Patient 162,PREMIUM,1000000,2022-09-17,25000,ACTIVE
POL-HLT-20163,Patient 163,SILVER,300000,2025-02-26,8000,ACTIVE
POL-HLT-20164,Patient 164,SILVER,300000,2023-03-27,8000,ACTIVE
POL-HLT-20165,Patient 165,PREMIUM,1000000,2023-10-24,25000,ACTIVE
POL-HLT-20166,Patient 166,GOLD,500000,2025-05-11,12000,ACTIVE
POL-HLT-20167,Patient 167,SILVER,300000,2023-11-23,8000,ACTIVE
POL-HLT-20168,Patient 168,GOLD,500000,2024-07-12,12000,ACTIVE
POL-HLT-20169,Patient 169,SILVER,300000,2026-05-06,8000,ACTIVE
POL-HLT-20170,Patient 170,GOLD,500000,2023-01-29,12000,ACTIVE
POL-HLT-20171,Patient 171,PREMIUM,1000000,2026-05-22,25000,ACTIVE
POL-HLT-20172,Patient 172,SILVER,300000,2024-06-16,8000,ACTIVE
POL-HLT-20173,Patient 173,PREMIUM,1000000,2022-09-21,25000,ACTIVE
POL-HLT-20174,Patient 174,GOLD,500000,2022-09-07,12000,ACTIVE
POL-HLT-20175,Patient 175,PREMIUM,1000000,2025-02-15,25000,LAPSED
POL-HLT-20176,Patient 176,PREMIUM,1000000,2024-03-16,25000,ACTIVE
POL-HLT-20177,Patient 177,GOLD,500000,2026-05-14,12000,LAPSED
POL-HLT-20178,Patient 178,PREMIUM,1000000,2024-07-17,25000,ACTIVE
POL-HLT-20179,Patient 179,SILVER,300000,2024-01-20,8000,ACTIVE
POL-HLT-20180,Patient 180,PREMIUM,1000000,2024-04-02,25000,ACTIVE
POL-HLT-20181,Patient 181,SILVER,300000,2022-04-18,8000,LAPSED
POL-HLT-20182,Patient 182,GOLD,500000,2026-05-01,12000,ACTIVE
POL-HLT-20183,Patient 183,SILVER,300000,2023-02-16,8000,ACTIVE
POL-HLT-20184,Patient 184,PREMIUM,1000000,2025-01-03,25000,ACTIVE
POL-HLT-20185,Patient 185,PREMIUM,1000000,2023-12-16,25000,ACTIVE
POL-HLT-20186,Patient 186,PREMIUM,1000000,2026-05-04,25000,ACTIVE
POL-HLT-20187,Patient 187,GOLD,500000,2024-01-15,12000,LAPSED
POL-HLT-20188,Patient 188,GOLD,500000,2022-06-17,12000,ACTIVE
POL-HLT-20189,Patient 189,SILVER,300000,2025-02-19,8000,ACTIVE
POL-HLT-20190,Patient 190,GOLD,500000,2024-03-05,12000,ACTIVE
POL-HLT-20191,Patient 191,SILVER,300000,2023-06-12,8000,ACTIVE
POL-HLT-20192,Patient 192,SILVER,300000,2024-12-24,8000,ACTIVE
POL-HLT-20193,Patient 193,GOLD,500000,2022-07-14,12000,ACTIVE
POL-HLT-20194,Patient 194,GOLD,500000,2022-12-27,12000,ACTIVE
POL-HLT-20195,Patient 195,GOLD,500000,2022-05-05,12000,LAPSED
POL-HLT-20196,Patient 196,PREMIUM,1000000,2022-11-20,25000,ACTIVE
POL-HLT-20197,Patient 197,GOLD,500000,2023-09-05,12000,ACTIVE
POL-HLT-20198,Patient 198,SILVER,300000,2023-01-05,8000,ACTIVE
POL-HLT-20199,Patient 199,SILVER,300000,2023-01-10,8000,ACTIVE
